sno,names
0,Maruti 800 AC
1,Maruti Wagon R LXI Minor
2,Hyundai Verna 1.6 SX
3,Datsun RediGO T Option
4,Honda Amaze VX i-DTEC
5,Maruti Alto LX BSIII
6,Hyundai Xcent 1.2 Kappa S
7,Tata Indigo Grand Petrol
8,Hyundai Creta 1.6 VTVT S
9,Toyota Corolla Altis 1.8 VL CVT
10,Maruti Ciaz VXi Plus
11,Chevrolet Enjoy TCDi LTZ 7 Seater
12,Jaguar XF 2.2 Litre Luxury
13,Mercedes-Benz New C-Class 220 CDI AT
14,Maruti Vitara Brezza ZDi Plus AMT
15,Audi Q5 2.0 TDI
16,Honda City V MT
17,Tata Tigor 1.2 Revotron XT
18,Audi A6 2.0 TDI  Design Edition
19,Toyota Innova 2.5 G (Diesel) 7 Seater
20,Hyundai i10 Magna 1.1L
21,Audi Q7 35 TDI Quattro Premium
22,Mahindra Scorpio 1.99 S10
23,Honda City i DTEC V
24,Maruti Wagon R VXI BS IV with ABS
25,Maruti Wagon R VXI BS IV
26,Mahindra Scorpio LX
27,Hyundai Santro Xing GLS
28,Hyundai Grand i10 1.2 Kappa Asta
29,Maruti Alto LXi
30,Maruti Swift Dzire VDI Optional
31,Maruti Eeco 5 Seater AC BSIV
32,Hyundai i20 Sportz 1.4 CRDi
33,Hyundai i20 2015-2017 Sportz Option 1.4 CRDi
34,Honda City i DTEC VX
35,Hyundai EON Magna Plus
36,Toyota Etios GD
37,Chevrolet Tavera Neo LS B3 - 7(C) seats BSIII
38,Toyota Corolla Altis Diesel D4DG
39,Mahindra Scorpio 1.99 S6 Plus
40,Toyota Innova 2.5 V Diesel 8-seater
41,Tata Indica Vista Quadrajet LS
42,Ford EcoSport 1.5 Diesel Titanium BSIV
43,Honda Civic 1.8 V AT
44,Hyundai i10 Sportz 1.2
45,Skoda Rapid 1.5 TDI Elegance
46,Hyundai Getz GLS
47,Nissan Terrano XL
48,Hyundai Grand i10 CRDi Sportz
49,Honda Amaze S i-VTEC
50,Honda Brio S MT
51,Hyundai Creta 1.6 SX Option
52,Mahindra XUV500 W8 2WD
53,Renault Duster 85PS Diesel RxL Optional
54,Mahindra Bolero 2011-2019 SLE
55,Audi A6 2.0 TDI Premium Plus
56,Fiat Avventura MULTIJET Emotion
57,Datsun RediGO 1.0 S
58,Audi A4 2.0 TDI 177 Bhp Premium Plus
59,Mercedes-Benz E-Class Exclusive E 200 BSIV
60,Maruti SX4 Zxi BSIII
61,BMW 7 Series 730Ld
62,Mahindra Bolero Power Plus SLX
63,Hyundai Sonata CRDi M/T
64,Mahindra Xylo D4
65,Hyundai Elite i20 Sportz Plus Dual Tone BSIV
66,Renault KWID RXT
67,Mahindra Xylo E4 BS III
68,Maruti SX4 ZXI MT BSIV
69,Hyundai Creta 1.4 CRDi S
70,Maruti Swift Dzire VDI
71,Mahindra Scorpio LX BSIV
72,Maruti SX4 Vxi BSIII
73,Maruti Ertiga VDI
74,Chevrolet Beat Diesel
75,Maruti Zen LX
76,Maruti Baleno Delta 1.2
77,Maruti Swift Vdi BSIII
78,Tata Nano Lx BSIV
79,Toyota Innova 2.5 GX (Diesel) 8 Seater
80,Maruti Ertiga SHVS VDI
81,Hyundai Creta 1.6 CRDi SX
82,Honda Amaze S i-Vtech
83,Tata Indica Vista Aqua 1.4 TDI
84,Chevrolet Cruze LTZ
85,Ford Figo Aspire 1.2 Ti-VCT Titanium Plus
86,Ford EcoSport 1.5 Diesel Titanium Plus BSIV
87,Hyundai i10 Sportz 1.1L
88,Maruti 800 Std
89,Chevrolet Spark 1.0 LS
90,Hyundai EON Era Plus
91,Tata Indica Vista Aqua TDI BSIII
92,Tata Bolt Quadrajet XE
93,Maruti 800 AC BSIII
94,Hyundai i20 Magna 1.2
95,Hyundai i20 1.2 Asta
96,Maruti Ciaz VDi Plus
97,Hyundai i20 Asta 1.4 CRDi
98,Maruti Vitara Brezza VDi
99,Mahindra Quanto C8
100,Maruti Wagon R LXI
101,Chevrolet Enjoy 1.3 TCDi LS 8
102,Honda City i VTEC SV
103,Honda Brio E MT
104,Maruti Swift VVT ZXI
105,Tata Indigo CR4
106,Chevrolet Beat LT
107,Maruti Swift VDI BSIV
108,Renault Duster 110PS Diesel RxZ
109,Maruti Swift Dzire ZXI Plus
110,Maruti Alto K10 LXI CNG
111,Maruti 800 Std BSII
112,Tata Nano LX SE
113,Maruti Alto K10 VXI
114,Maruti Alto LX
115,Hyundai i20 Asta
116,Tata Nexon 1.2 Revotron XM
117,Maruti Zen D
118,Maruti Eeco 7 Seater Standard BSIV
119,Honda City 1.5 EXI
120,Maruti SX4 Zxi with Leather BSIII
121,Ford Figo Diesel Titanium
122,Maruti Swift Dzire VDi
123,Mahindra Xylo E4
124,Maruti Esteem Vxi - BSIII
125,Hyundai i20 1.2 Sportz
126,Chevrolet Beat Diesel LT
127,Chevrolet Cruze LTZ AT
128,Nissan Micra XL
129,BMW 5 Series 520d Luxury Line
130,Ford Figo Petrol Titanium
131,Skoda Rapid 1.5 TDI Ambition BSIV
132,Mahindra XUV500 W6 2WD
133,Maruti Ertiga SHVS ZDI
134,Hyundai i20 Magna 1.4 CRDi (Diesel)
135,Mercedes-Benz New C-Class C 220 CDI BE Avantgare
136,Maruti Omni LPG CARGO BSIII W IMMOBILISER
137,Chevrolet Optra Magnum 2.0 LS BSIII
138,Mahindra Scorpio S11 BSIV
139,Hyundai i20 Active 1.2 SX
140,Maruti SX4 Celebration Diesel
141,Hyundai Grand i10 Magna
142,Maruti Alto LXi BSIII
143,Hyundai i10 Era
144,Toyota Innova 2.5 V Diesel 7-seater
145,Honda Mobilio V i DTEC
146,Toyota Innova 2.5 G (Diesel) 7 Seater BS IV
147,Tata Indica V2 2001-2011 DLS BSIII
148,Tata Indica Vista TDI LS
149,Chevrolet Beat Diesel LS
150,Tata Zest Quadrajet 1.3 75PS XE
151,Skoda Fabia 1.2L Diesel Ambiente
152,Toyota Innova 2.5 VX (Diesel) 8 Seater
153,Hyundai Grand i10 1.2 CRDi Asta
154,Maruti Omni MPI STD BSIV
155,Maruti Baleno Alpha 1.2
156,Ford Fiesta Classic 1.4 SXI Duratorq
157,Hyundai Elite i20 Asta Option BSIV
158,Hyundai Grand i10 CRDi Magna
159,Hyundai Santro Xing GL Plus
160,Maruti Vitara Brezza LDi Option
161,Hyundai i20 1.4 Sportz
162,Maruti Ertiga SHVS ZDI Plus
163,Maruti Ertiga VXI
164,Hyundai i20 1.2 Spotz
165,Maruti Alto 800 VXI
166,Hyundai i20 Asta (o)
167,Hyundai Verna 1.6 SX CRDi (O)
168,Mahindra Xylo D2 BSIV
169,Mahindra Bolero SLX 2WD BSIII
170,Honda Brio 1.2 E MT
171,Toyota Etios Liva G
172,Maruti Alto 800 LXI
173,Maruti Swift Dzire 1.2 Vxi BSIV
174,Mahindra Scorpio VLS AT 2.2 mHAWK
175,Mahindra Bolero SLX
176,Mahindra XUV500 W11 Option AWD
177,Tata Tiago 1.2 Revotron XZ
178,Renault Duster 110PS Diesel RxL
179,Maruti Wagon R VXI
180,Chevrolet Spark 1.0 LT
181,Maruti Baleno Alpha
182,Hyundai EON 1.0 Kappa Magna Plus
183,Ford Figo Aspire 1.2 Ti-VCT Trend
184,Hyundai Verna 1.4 VTVT
185,Chevrolet Sail 1.2 LT ABS
186,Mahindra Bolero Power Plus Plus AC BSIV PS
187,Hyundai Grand i10 1.2 Kappa Sportz Option
188,Maruti Baleno Sigma 1.2
189,Maruti A-Star Vxi
190,Datsun GO A
191,Skoda Yeti Ambition 4WD
192,Hyundai Verna CRDi 1.6 EX
193,Ford Aspire Titanium Diesel BSIV
194,Toyota Innova Crysta 2.4 VX MT
195,Maruti Baleno Alpha 1.3
196,Ford Figo Aspire 1.5 TDCi Titanium
197,Mahindra Scorpio 2.6 Turbo 9 Str
198,Toyota Etios Liva GD
199,Tata Nano STD
200,Hyundai Grand i10 Sportz
201,Volkswagen Polo Petrol Comfortline 1.2L
202,Hyundai Xcent 1.1 CRDi Base
203,Maruti Ritz VDi
204,Maruti Eeco 5 STR With AC Plus HTR CNG
205,Maruti Swift VXI with ABS
206,Tata Zest Quadrajet 1.3 XM
207,Maruti Alto K10 VXI AGS Optional
208,Mahindra Scorpio SLE BSIV
209,Hyundai Santro Xing GLS CNG
210,Ford Figo Diesel Celebration Edition
211,Renault KWID RXT Optional
212,Renault KWID 1.0 RXT Optional
213,Skoda Rapid 1.5 TDI AT Style BSIV
214,Chevrolet Spark 1.0
215,Tata Manza Aura Quadrajet BS IV
216,Maruti Swift VVT VXI
217,Maruti Zen Estilo VXI BSIV
218,Toyota Innova 2.5 G (Diesel) 8 Seater BS IV
219,Tata Tiago 1.2 Revotron XZA
220,Maruti Vitara Brezza ZDi
221,Maruti Swift VXI BSIII
222,Maruti Swift VXI BSIV
223,Hyundai i20 Active 1.2 S
224,Tata Safari Storme VX
225,Datsun GO Plus A
226,Toyota Fortuner 4x4 MT
227,Ford Ecosport 1.5 DV5 MT Titanium
228,Mahindra XUV500 W11 AT BSIV
229,Ford Endeavour 2.5L 4X2 MT
230,Maruti Swift Glam
231,Tata New Safari DICOR 2.2 EX 4x2
232,Honda Brio 1.2 VX MT
233,Chevrolet Sail Hatchback LS ABS
234,Tata Tiago NRG Petrol
235,Maruti Vitara Brezza ZDi Plus
236,Hyundai Santro Era
237,Honda City i-DTEC V
238,Hyundai Verna 1.6 CRDI
239,Hyundai EON D Lite Plus
240,Volkswagen Polo 1.5 TDI Highline
241,Hyundai i20 Asta 1.2
242,Renault Duster 85PS Diesel RxE
243,Maruti Omni E MPI STD BS IV
244,Honda Accord 2.4 MT
245,Ford Figo 1.2P Ambiente MT
246,Tata Nano Lx
247,Tata Indica Vista Terra 1.4 TDI
248,Maruti Zen VXI
249,Chevrolet Beat LS
250,Maruti Swift VDI
251,Maruti Wagon R AMT VXI
252,Mahindra TUV 300 T4 Plus
253,Maruti 800 AC BSII
254,Hyundai Santro Magna BSIV
255,Tata Zest Revotron 1.2 XT
256,Volkswagen Polo Diesel Trendline 1.2L
257,Hyundai Verna CRDi
258,Renault Duster 85PS Diesel RxL
259,Hyundai i10 Era 1.1
260,Maruti Swift Dzire ZDI
261,Ford Figo Diesel ZXI
262,Maruti Wagon R LXI BSIII
263,Maruti Swift Ldi BSIV
264,Volkswagen Vento Diesel Highline
265,Datsun GO Plus T Option BSIV
266,Maruti Alto K10 VXI Airbag
267,Mahindra Bolero DI DX 7 Seater
268,Honda BR-V i-VTEC S MT
269,Toyota Etios VD
270,Ford Figo 1.2P Titanium MT
271,Ford EcoSport 1.5 TDCi Titanium BSIV
272,Maruti Swift Ldi BSIII
273,Ford Fiesta Classic 1.4 Duratorq CLXI
274,Ford Figo Titanium Diesel BSIV
275,Maruti Ritz LDi
276,Mahindra Xylo D2
277,Honda City i DTEC S
278,Mahindra Scorpio 1.99 S4
279,Tata Indigo Grand Dicor
280,Hyundai Creta 1.6 CRDi SX Plus
281,Toyota Fortuner 2.8 4WD AT BSIV
282,Maruti Ciaz VDi Option SHVS
283,Mahindra Scorpio VLX 2WD AIRBAG SE BSIV
284,Hyundai Verna VTVT 1.6 AT SX Option
285,Mercedes-Benz GL-Class 350 CDI Blue Efficiency
286,Maruti Swift ZXI BSIV
287,Hyundai Verna 1.6 VTVT SX
288,Renault Pulse RxL
289,Honda Brio V MT
290,Hyundai Creta 1.6 SX Automatic Diesel
291,Honda City i VTEC V
292,BMW 3 Series 320d Luxury Line
293,Maruti SX4 Vxi BSIV
294,Hyundai Grand i10 1.2 Kappa Magna AT
295,Hyundai Grand i10 Magna AT
296,Toyota Fortuner 4x2 AT
297,Hyundai i10 Magna
298,Skoda Laura Ambiente 2.0 TDI CR MT
299,Hyundai i20 Sportz 1.2
300,Mahindra Verito 1.5 D4 BSIV
301,Chevrolet Optra Magnum 2.0 LS
302,Tata Indica Vista Quadrajet VX
303,Mahindra Scorpio 2.6 CRDe SLE
304,Maruti Zen Estilo LXI BSIII
305,Honda Amaze S AT i-Vtech
306,Maruti Swift VXI
307,Mahindra Renault Logan 1.4 GLX Petrol
308,Hyundai i10 Magna LPG
309,Chevrolet Captiva LT
310,Chevrolet Aveo U-VA 1.2 LS
311,Tata Hexa XM
312,Mahindra Thar CRDe ABS
313,Maruti Alto K10 2010-2014 VXI
314,Maruti Alto K10 LXI
315,Honda City 1.5 V AT
316,Maruti Ritz LXI
317,Honda Jazz VX
318,Mahindra Scorpio SLE BSIII
319,Tata Nano LX
320,Maruti Zen Estilo 1.1 VXI BSIII
321,Maruti Wagon R LX Minor
322,Skoda Octavia Classic 1.9 TDI MT
323,Maruti Swift AMT VXI
324,Hyundai Xcent 1.1 CRDi SX Option
325,Hyundai Santro Xing GL Plus LPG
326,Hyundai Accent Executive
327,Maruti Celerio VXI AT
328,Hyundai Creta 1.6 CRDi AT SX Plus
329,Hyundai Grand i10 1.2 Kappa Sportz Dual Tone
330,Volkswagen Vento Petrol Highline AT
331,Volkswagen Polo Diesel Highline 1.2L
332,Mahindra KUV 100 mFALCON D75 K8
333,Volkswagen Polo Petrol Highline 1.2L
334,Maruti Ertiga ZDI
335,Tata Indigo LS
336,Hyundai i20 Magna
337,Hyundai Verna CRDi 1.6 SX Option
338,Toyota Innova Crysta 2.4 VX MT BSIV
339,Hyundai Grand i10 AT Asta
340,Mahindra XUV500 W8 4WD
341,Renault Lodgy 85PS RxL
342,Maruti Swift LDI BSIV
343,Hyundai i20 2015-2017 Magna 1.2
344,Maruti Wagon R LXI BS IV
345,Mahindra Bolero 2011-2019 SLX 2WD BSIII
346,Toyota Innova Crysta 2.8 ZX AT BSIV
347,Maruti Ciaz VDI SHVS
348,Tata Indica GLS BS IV
349,Honda City i DTec SV
350,Maruti Swift LXI
351,Maruti Zen LXI
352,Honda WR-V i-VTEC VX
353,Toyota Fortuner 2.8 2WD AT BSIV
354,Toyota Innova Crysta 2.4 ZX MT
355,Mahindra Verito Vibe 1.5 dCi D4
356,Maruti Swift Dzire LDI
357,Tata New Safari DICOR 2.2 GX 4x2
358,Maruti SX4 ZDI
359,Hyundai Verna 1.6 SX VTVT (O)
360,Fiat Grande Punto 1.3 Dynamic (Diesel)
361,Maruti Wagon R Stingray VXI
362,Toyota Etios Liva 1.4 VD
363,Hyundai Xcent 1.2 Kappa SX
364,Honda Amaze VX O iDTEC
365,Ford Ecosport 1.0 Ecoboost Titanium Optional
366,Hyundai EON 1.0 Era Plus
367,Toyota Innova 2.5 G (Diesel) 8 Seater
368,Toyota Innova 2.5 G4 Diesel 8-seater
369,Mahindra KUV 100 G80 K2
370,Hyundai i20 1.4 Asta Option
371,Renault KWID RXL
372,Maruti Celerio ZXI Optional AMT BSIV
373,Fiat Linea Classic 1.3 Multijet
374,Maruti Alto 800 CNG LXI
375,Maruti Swift Dzire VXi
376,Hyundai Grand i10 1.2 Kappa Sportz BSIV
377,Honda Brio 1.2 S MT
378,Hyundai Creta 1.4 CRDi Base
379,Mercedes-Benz M-Class ML 350 CDI
380,Toyota Innova Crysta 2.4 GX MT 8S BSIV
381,Tata New Safari DICOR 2.2 EX 4x4
382,Toyota Etios Cross 1.2L G
383,Maruti Swift Dzire VXI
384,Hyundai i20 Asta 1.4 CRDi (Diesel)
385,Tata Hexa XTA
386,Hyundai Verna 1.6 SX VTVT AT
387,Maruti Swift Dzire VXI 1.2 BS IV
388,Maruti SX4 ZDI Leather
389,Maruti Ignis 1.2 Alpha BSIV
390,Honda Mobilio V i VTEC
391,Hyundai Getz 1.3 GVS
392,Ford Fiesta Titanium 1.5 TDCi
393,Hyundai Accent GLE CNG
394,Nissan Sunny Diesel XV
395,Mahindra Verito 1.5 D2 BSIV
396,Hyundai EON D Lite
397,Toyota Innova 2.5 GX (Diesel) 7 Seater
398,Nissan Terrano XV Premium 110 PS
399,Mahindra Bolero 2011-2019 SLX
400,Volkswagen Jetta 2.0L TDI Highline AT
401,Tata Indica Vista Quadrajet 90 VX
402,Volkswagen Vento 1.5 TDI Highline Plus AT
403,Hyundai Grand i10 Asta
404,Hyundai Creta 1.6 CRDi SX Option
405,Hyundai Grand i10 Asta Option
406,Maruti Swift DDiS LDI
407,Hyundai i10 Sportz 1.2 AT
408,Volkswagen Vento 1.5 TDI Comfortline
409,Skoda Rapid 1.5 TDI AT Ambition
410,Hyundai Getz GLE
411,Mahindra Scorpio M2DI
412,Audi Q3 35 TDI Quattro Technology
413,Hyundai Accent CRDi
414,Toyota Camry 2.5 Hybrid
415,Mahindra XUV500 W5 BSIV
416,Mahindra XUV300 W8 Option Diesel BSIV
417,Mahindra Thar CRDe
418,Maruti Ciaz ZXi Plus
419,Fiat Grande Punto EVO 1.3 Dynamic
420,Ford Endeavour Hurricane Limited Edition
421,Hyundai i10 Era 1.1 iTech SE
422,Maruti Vitara Brezza VDi Option
423,Hyundai i20 Sportz Option 1.2
424,Ford Endeavour 3.0L 4X4 AT
425,Hyundai Creta 1.4 EX Diesel
426,Hyundai Verna CRDi 1.6 SX
427,Tata Indigo LX
428,Mitsubishi Pajero Sport 4X4
429,Ford Fiesta 1.5 TDCi Titanium
430,Honda City i-VTEC CVT ZX
431,BMW 3 Series GT Luxury Line
432,Maruti Baleno Alpha CVT
433,Maruti Baleno Zeta
434,Ford Endeavour 3.2 Titanium AT 4X4
435,Tata Xenon XT EX 4X2
436,Nissan Terrano XL Plus 85 PS
437,Maruti Alto 800 LXI Airbag
438,Mahindra Bolero SLX 2WD
439,Honda Jazz 1.5 VX i DTEC
440,Maruti Vitara Brezza ZDi Plus AMT Dual Tone
441,Renault Captur 1.5 Diesel RXT
442,Honda Amaze VX Diesel BSIV
443,Toyota Corolla Altis 1.8 VL AT
444,Honda Amaze VX Petrol BSIV
445,Honda Amaze VX i-VTEC
446,Mahindra KUV 100 mFALCON G80 K2
447,Maruti Zen Estilo Sports
448,Maruti Ertiga ZDI Plus
449,Audi Q3 2.0 TDI Quattro Premium Plus
450,Tata Zest Revotron 1.2T XMS
451,Datsun GO T Petrol
452,Renault Pulse RxZ
453,Tata Sumo Gold EX
454,Honda City S
455,Toyota Innova 2.5 VX 8 STR
456,Mahindra Xylo D4 BSIV
457,Toyota Innova Crysta 2.5 VX BS IV
458,Hyundai Verna CRDi 1.6 AT SX Option
459,Mahindra Scorpio S2 7 Seater
460,Hyundai i10 Magna 1.2 iTech SE
461,Mahindra Bolero DI
462,Hyundai Santro Xing XS
463,Honda Amaze S i-Dtech
464,Maruti Wagon R LXI CNG
465,Hyundai Verna SX
466,Hyundai i20 Active S Diesel
467,Honda Amaze V CVT Petrol BSIV
468,Maruti Ciaz ZXi
469,Hyundai i20 Active SX Petrol
470,Nissan Terrano XL 85 PS
471,Mahindra Scorpio SLE BS IV
472,Maruti Ertiga ZXI
473,Maruti Swift ZDI Plus
474,Maruti Wagon R VXI BSIII
475,Renault Duster 85PS Diesel RxL Plus
476,Maruti Swift Dzire Vdi BSIV
477,Volkswagen Polo Diesel Comfortline 1.2L
478,Tata Manza Club Class Quadrajet90 VX
479,Maruti Swift VXI Deca
480,Maruti Ignis 1.2 AMT Delta BSIV
481,Toyota Innova Crysta 2.4 VX MT 8S BSIV
482,Mahindra Bolero Power Plus LX
483,Mahindra KUV 100 mFALCON D75 K6
484,Tata Nano Cx BSIV
485,Mahindra TUV 300 T4
486,Tata Safari Storme VX Varicor 400
487,Maruti Baleno Delta Automatic
488,Hyundai i20 Active S Petrol
489,Tata Indica Vista Terra Quadrajet 1.3L
490,Nissan Sunny XL
491,Chevrolet Aveo 1.4 LS
492,Honda City E
493,Toyota Corolla Altis D-4D J
494,Hyundai i20 1.4 CRDi Era
495,Tata Indica Vista Aqua 1.3 Quadrajet
496,Maruti Wagon R LX
497,Volkswagen Passat 1.8 TSI MT
498,Ford Figo Diesel LXI
499,Ford EcoSport 1.5 Ti VCT MT Trend BSIV
500,Ford Freestyle Titanium Diesel BSIV
501,Maruti Ignis 1.2 Zeta BSIV
502,Renault Duster RXL AWD
503,Volkswagen Polo 1.5 TDI Comfortline
504,Ford Figo Diesel EXI
505,Honda Jazz VX CVT
506,Maruti Swift Dzire Tour LDI
507,Maruti 800 Std MPFi
508,Toyota Etios 1.4 VXD
509,Mahindra Quanto C6
510,Volkswagen Vento 1.5 TDI Highline
511,Maruti Ciaz ZDi
512,Volkswagen Ameo 1.5 TDI Comfortline
513,Tata Manza Aura Quadrajet
514,Maruti Omni E 8 Str STD
515,Mahindra TUV 300 T10
516,Maruti Wagon R VXI Optional
517,Skoda Superb Elegance 2.0 TDI CR AT
518,Jeep Compass 2.0 Longitude Option BSIV
519,Mahindra Scorpio EX
520,Mahindra Thar DI 4X4 PS
521,Hyundai Grand i10 1.2 Kappa Magna BSIV
522,Ford Fiesta 1.4 Duratec ZXI
523,Hyundai i20 Asta Option 1.4 CRDi
524,Maruti Swift Dzire LXI
525,Maruti 800 EX
526,Renault KWID Climber 1.0 AMT
527,Mahindra Bolero Power Plus SLE
528,Hyundai Xcent 1.2 VTVT S
529,Maruti Wagon R LXI LPG BSIV
530,Nissan Micra Diesel XV Premium
531,Maruti Zen LXi - BS III
532,Honda City i DTEC SV
533,Toyota Innova 2.5 VX (Diesel) 7 Seater
534,Honda Civic 1.8 (E) MT
535,Maruti Zen Estilo 1.1 LXI BSIII
536,Honda City 1.5 V MT
537,Tata Manza ELAN Quadrajet BS IV
538,Mahindra Xylo E4 ABS BS IV
539,Honda WR-V i-DTEC VX
540,Nissan Terrano XL 110 PS
541,Mahindra Bolero SLE
542,Hyundai Elite i20 Asta Option CVT BSIV
543,Hyundai Creta 1.4 E Plus
544,Honda Jazz 1.5 E i DTEC
545,Tata Aria Pure LX 4x2
546,Ford Freestyle Trend Petrol BSIV
547,Hyundai Grand i10 1.2 CRDi Magna
548,Maruti Zen Estilo LX BSIV
549,Maruti 800 DX
550,Honda City 1.5 GXI
551,Volkswagen Polo 1.0 TSI Highline Plus
552,Hyundai Xcent 1.1 CRDi SX
553,Mahindra Scorpio 2.6 SLX Turbo 7 Seater
554,Jaguar XF 3.0 Litre S Premium Luxury
555,Maruti Zen Estilo VXI BSIII
556,Hyundai i20 1.4 CRDi Asta
557,Toyota Corolla AE
558,Hyundai Grand i10 Nios Sportz
559,Chevrolet Tavera Neo 3 LT 9 Seats BSIII
560,Hyundai Verna 1.6 VTVT S
561,Tata Manza Aqua Quadrajet BS IV
562,Maruti Wagon R LX BSIII
563,Toyota Etios Cross 1.4L GD
564,Daewoo Matiz SD
565,Tata Hexa XT
566,Honda Jazz V
567,Maruti A-Star Lxi
568,Hyundai Elantra SX
569,Tata Nano Cx BSIII
570,BMW X1 sDrive20d M Sport
571,Chevrolet Enjoy TCDi LT 7 Seater
572,Honda Amaze S Diesel
573,Mahindra KUV 100 D75 K6 Plus
574,Honda City i-VTEC CVT VX
575,Audi A4 35 TDI Premium Plus
576,Renault Scala Diesel RxL
577,Skoda Laura Ambiente 1.9 PD
578,Ford Fiesta Diesel Style
579,Toyota Innova 2.5 VX (Diesel) 7 Seater BS IV
580,Ford Figo Aspire 1.5 TDCi Trend
581,Tata Indigo GLX
582,Maruti Swift Dzire LDI Optional
583,Ford EcoSport 1.5 Diesel Ambiente BSIV
584,Skoda Rapid 1.6 TDI Elegance
585,Hyundai i20 1.4 CRDi Sportz
586,Mahindra Quanto C4
587,Honda Mobilio S i DTEC
588,Hyundai Santa Fe 4WD AT
589,Tata Manza Aura (ABS) Safire BS IV
590,Force One EX
591,Mahindra Xylo D2 BS IV
592,Hyundai Santro Magna AMT BSIV
593,Tata Indigo LS BSII
594,Hyundai Verna CRDi SX ABS
595,Tata New Safari DICOR 2.2 GX 4x2 BS IV
596,Mahindra Bolero Power Plus Plus Non AC BSIV PS
597,Mahindra Scorpio VLX 2WD AIRBAG BSIV
598,Toyota Innova 2.5 Z Diesel 7 Seater BS IV
599,Hyundai Santro Sportz BSIV
600,Maruti Alto 800 LX
601,Mahindra Scorpio 2.6 Turbo 7 Str
602,Ford Figo Petrol LXI
603,Maruti Swift ZXI ABS
604,Maruti Alto K10 LX
605,Honda Civic 1.8 S AT
606,Mahindra NuvoSport N8
607,Hyundai Verna Transform CRDi VGT SX ABS
608,Honda Civic 1.8 S MT
609,Maruti Swift LXI Option
610,Maruti Ciaz ZDi Plus
611,Maruti Ciaz 1.4 Alpha
612,Maruti Esteem Lxi - BSIII
613,Volkswagen Vento Diesel Comfortline
614,Maruti SX4 ZXI AT
615,Maruti Swift Dzire AMT ZXI
616,Mahindra TUV 300 T8 AMT
617,Honda City i-VTEC VX
618,Hyundai Verna 1.6 VTVT
619,Chevrolet Sail Hatchback 1.2 LS
620,Mahindra Bolero Power Plus ZLX
621,Datsun RediGO S
622,Skoda Fabia 1.2 MPI Ambition Plus
623,Renault Fluence 1.5
624,Maruti Wagon R LXI DUO BS IV
625,Volkswagen Jetta 2.0 TDI Comfortline
626,Maruti Swift LDI Optional
627,Maruti SX4 VDI
628,Hyundai Elite i20 Magna Plus BSIV
629,Mahindra Thar 4X4
630,Hyundai EON Magna Optional
631,Hyundai Accent GLX
632,Maruti Swift VDI Optional
633,Hyundai Santro Xing XK eRLX EuroIII
634,Maruti Baleno Zeta 1.2
635,Ford Figo 1.5D Titanium Opt MT
636,Toyota Etios VX
637,Hyundai Accent GLS
638,Tata Indigo CS LX (TDI) BS-III
639,Maruti Alto K10 VXI AGS
640,Hyundai Grand i10 1.2 CRDi Sportz Option
641,Hyundai Verna SX Diesel
642,Honda City Corporate Edition
643,Hyundai EON Era
644,Datsun RediGO 1.0 T Option
645,Maruti Alto LXI
646,Mahindra Xylo D2 Maxx
647,Mahindra Scorpio S2 9 Seater
648,Mahindra Scorpio VLS 2.2 mHawk
649,Tata Indigo CS LE (TDI) BS-III
650,Mahindra XUV500 AT W10 AWD
651,Mahindra XUV500 W10 2WD
652,Maruti Swift Dzire AMT VDI
653,Hyundai Verna SX CRDi AT
654,Renault Koleos 2.0 Diesel
655,Maruti Wagon R LXI DUO BSIII
656,Maruti Ertiga SHVS LDI Option
657,Tata Manza Aura (ABS) Quadrajet BS IV
658,Maruti Wagon R VXi BSII
659,Ford Fiesta 1.5 TDCi Ambiente
660,Renault KWID 1.0
661,Mahindra Scorpio S10 7 Seater
662,Chevrolet Enjoy TCDi LS 8 Seater
663,Tata Indica Vista TDI LX
664,Fiat Grande Punto EVO 1.3 Active
665,Maruti Swift VXI Optional
666,Maruti Ritz VXi
667,Tata Nexon 1.2 Revotron XZ Plus Dual Tone
668,Maruti Vitara Brezza LDi
669,Ford Freestyle Titanium Plus Diesel
670,Ford Figo 1.5P Titanium AT
671,Ford Figo 1.5D Titanium MT
672,Tata Manza Aura Safire
673,Maruti Swift Dzire ZXI
674,Mahindra Bolero SLE BSIII
675,Hyundai Verna VTVT 1.6 SX
676,Fiat Punto 1.2 Active
677,Honda Amaze E i-VTEC
678,Tata Safari Storme EX
679,Hyundai Verna 1.6 Xi ABS
680,Mahindra Bolero DI DX 8 Seater
681,Ford Figo Petrol ZXI
682,Tata Harrier XZ BSIV
683,Mahindra KUV 100 mFALCON G80 K8 5str
684,Hyundai i10 Sportz
685,Maruti Ignis 1.2 Delta BSIV
686,Toyota Corolla Altis 1.8 J
687,Tata Manza Club Class Quadrajet90 LS
688,Maruti Wagon R VXI Minor
689,Ford Freestyle Titanium Diesel
690,Hyundai Accent GLE
691,Maruti Alto 800 CNG LXI Optional
692,Maruti Ritz LXi
693,Tata Tiago 1.05 Revotorq XE
694,Mahindra XUV500 AT W10 FWD
695,Mahindra Scorpio VLX 2WD BSIV
696,Hyundai Verna CRDi ABS
697,Maruti Omni 8 Seater BSIV
698,Ford Fiesta 1.4 ZXi TDCi ABS
699,Tata New Safari Dicor EX 4X2 BS IV
700,Mahindra XUV500 W7
701,Maruti Baleno Delta 1.3
702,Tata Nano Twist XT
703,Maruti Wagon R AX
704,Mahindra Scorpio SLX 2.6 Turbo 8 Str
705,Tata Tiago 1.05 Revotorq XT Option
706,Hyundai Elite i20 Sportz Plus BSIV
707,Honda Brio Exclusive Edition
708,Hyundai Verna Transform SX VTVT
709,Maruti Swift VDi BSIII W/ ABS
710,Hyundai Getz GLX
711,Ford Ecosport 1.5 Petrol Ambiente
712,Honda BR-V i-VTEC VX MT
713,Tata Indigo CS eLX BS IV
714,Maruti Ertiga 1.5 VDI
715,Maruti Alto 800 Base
716,Volkswagen Ameo 1.5 TDI Highline 16 Alloy
717,Hyundai Tucson CRDi
718,Tata Indigo TDI
719,Maruti Celerio ZXI
720,Mahindra Scorpio VLX 2WD ABS AT BSIII
721,Datsun GO Plus T BSIV
722,Hyundai Santro Xing GL
723,Honda BR-V i-DTEC VX MT
724,Chevrolet Sail Hatchback LT ABS
725,Honda City 1.3 EXI
726,Hyundai Getz 1.5 CRDi GVS
727,Renault Lodgy Stepway 85PS RXZ 8S
728,Toyota Etios 1.5 V
729,Datsun GO Plus A Option Petrol
730,Tata Tiago 1.2 Revotron XE
731,Nissan Sunny Diesel XL
732,Mahindra XUV500 AT W8 FWD
733,Nissan Micra Active XV S
734,Mercedes-Benz E-Class E250 CDI Elegance
735,Datsun GO Plus T
736,Volkswagen Jetta 2.0L TDI Highline
737,Ford Ecosport 1.5 DV5 MT Titanium Optional
738,Maruti Celerio ZXI MT BSIV
739,Honda BRV i-VTEC V MT
740,Maruti Omni 5 Str STD
741,Hyundai i20 Asta (o) 1.4 CRDi (Diesel)
742,Maruti Omni 8 Seater BSII
743,Mercedes-Benz B Class B180 Sports
744,Toyota Etios Liva VD
745,Renault Pulse RxZ Optional
746,Tata Manza Club Class Quadrajet90 LX
747,Renault Duster 85PS Diesel RxZ
748,Maruti Swift ZXI Plus
749,Tata Safari DICOR 2.2 EX 4x2
750,Maruti Wagon R Duo Lxi
751,Mahindra Bolero B4
752,Maruti Celerio VXI
753,Chevrolet Beat Diesel LT Option
754,Maruti Eeco Smiles 5 Seater AC
755,Chevrolet Spark 1.0 PS
756,Maruti Swift ZDi
757,Toyota Innova 2.5 E Diesel MS 7-seater
758,Mahindra Scorpio 2.6 CRDe
759,Honda Jazz Select Edition Active
760,Hyundai i20 Active 1.4 SX
761,Mahindra TUV 300 T8
762,Hyundai i20 Magna Optional 1.2
763,Honda City 1.5 S MT
764,Honda Amaze E i-Dtech
765,Maruti Swift Dzire LXi
766,Hyundai Creta 1.4 CRDi S Plus
767,Mahindra XUV500 W10 1.99 mHawk
768,Mahindra Xylo E8
769,Renault Triber RXT BSIV
770,Mahindra TUV 300 mHAWK100 T8
771,Hyundai Xcent 1.2 CRDi E
772,Maruti Alto Green LXi (CNG)
773,Maruti Zen VXi - BS III
774,Chevrolet Optra Magnum 2.0 LT
775,Hyundai i20 Magna Optional 1.4 CRDi
776,Hyundai EON Sportz
777,Maruti Swift LXi BSIV
778,Fiat Linea 1.3 Multijet Emotion
779,Ford Freestyle Titanium Plus Diesel BSIV
780,Honda Jazz 1.2 VX i VTEC
781,Chevrolet Aveo U-VA 1.2 LT
782,Tata Nexon 1.2 Revotron XZ Plus
783,Chevrolet Cruze LT
784,Tata Tigor 1.2 Revotron XZ Option
785,BMW X1 sDrive20d
786,Ford EcoSport 1.5 Petrol Titanium BSIV
787,Fiat Grande Punto Active (Diesel)
788,Ford Aspire Titanium BSIV
789,Tata Tiago 2019-2020 XZ
790,Maruti Swift ZXI
791,Volkswagen Polo 1.2 MPI Comfortline
792,Honda City 1.5 E MT
793,Maruti Baleno Zeta 1.3
794,Maruti Alto STD
795,Maruti Celerio VDi
796,Hyundai i20 Active 1.4 SX with AVN
797,Hyundai i20 1.4 CRDi Magna
798,Mahindra Xylo E4 8S
799,Hyundai Xcent 1.2 Kappa Base
800,Ford Ikon 1.3 Flair
801,Maruti Swift Dzire LDIX Limited Edition
802,Tata New Safari DICOR 2.2 VX 4x4
803,Renault KWID 1.0 RXL
804,Toyota Innova 2.5 VX 8 STR BSIV
805,Hyundai Xcent 1.2 VTVT E Plus
806,Skoda Rapid 1.6 MPI Elegance
807,Maruti 800 Std BSIII
808,Toyota Innova 2.5 GX 7 STR
809,Mahindra Scorpio S5 BSIV
810,Renault KWID AMT
811,Toyota Fortuner 4x2 Manual
812,Mahindra TUV 300 T6 Plus
813,Hyundai Elantra CRDi SX
814,Toyota Innova Crysta 2.8 GX AT BSIV
815,Hyundai i20 1.2 Magna
816,Tata Tiago 1.2 Revotron XTA
817,Toyota Corolla Altis Diesel D4DJ
818,Fiat Linea Emotion
819,Maruti Zen Estilo LXI BS IV
820,Maruti Celerio X ZXI BSIV
821,Ford Figo 1.5D Trend MT
822,Honda Amaze E i-DTEC
823,Hyundai Verna CRDi SX
824,Maruti Swift DDiS VDI
825,Skoda Rapid 1.6 TDI Ambition
826,Hyundai Sonata 2.4L AT
827,Mahindra Xylo E8 ABS Airbag BSIV
828,Tata Indigo GLS
829,Nissan Micra Diesel XV
830,Hyundai Grand i10 CRDi Asta Option
831,Hyundai Elite i20 Petrol Asta Option
832,Toyota Innova 2.5 G4 Diesel 7-seater
833,Maruti Celerio ZXI AT
834,Maruti Wagon R AMT VXI Option
835,Chevrolet Spark 1.0 LT Option Pack w/ Airbag
836,Ford Figo 1.2P Titanium Plus MT
837,Hyundai Grand i10 1.2 Kappa Era
838,Ford Classic 1.6 Duratec LXI
839,Hyundai Verna 1.6 CRDi SX
840,Honda City i DTEC E
841,Hyundai Creta 1.6 Gamma SX Plus
842,Hyundai Elite i20 Sportz Plus CVT BSIV
843,Volkswagen Vento IPL II Diesel Trendline
844,Maruti Swift VXi BSIV
845,Toyota Corolla Altis G
846,Maruti Wagon R VXI Plus Optional
847,Maruti Zen Estilo LXI Green (CNG)
848,Tata Bolt Revotron XE
849,Tata New Safari 4X2
850,Tata Indica Vista Terra TDI BSIII
851,Honda Mobilio S i VTEC
852,Renault KWID RXE
853,Maruti Eeco CNG 5 Seater AC BSIV
854,Maruti Ciaz ZDi Plus SHVS
855,Mahindra Renault Logan 1.5 DLE Diesel
856,Ford Ikon 1.4 TDCi DuraTorq
857,Tata Tiago XT
858,Honda City V AT
859,Honda City i VTEC S
860,Ford Ecosport 1.5 Ti VCT AT Titanium
861,Volkswagen Jetta 2.0L TDI Comfortline
862,Maruti Wagon R CNG LXI
863,Honda Jazz 1.2 V i VTEC
864,Maruti Ciaz VDi Plus SHVS
865,Audi A4 2.0 TDI
866,Maruti Vitara Brezza ZDi Plus Dual Tone
867,Maruti Ritz VXI
868,Hyundai Accent GLS 1.6 ABS
869,Volkswagen Polo 1.2 MPI Highline
870,Volkswagen Vento Diesel Trendline
871,Maruti Swift Dzire LDi
872,Skoda Laura Ambiente
873,Maruti Celerio ZDi
874,Hyundai Xcent 1.2 VTVT S AT
875,Maruti Alto 800 LXI CNG
876,Volkswagen Vento 1.6 Highline
877,Tata Nano Twist XE
878,Mahindra XUV500 W7 BSIV
879,Toyota Innova 2.5 GX (Diesel) 8 Seater BS IV
880,Tata Nano CX
881,Tata Tiago 1.05 Revotorq XM
882,Ford Figo Petrol EXI
883,Honda Amaze S i-DTEC
884,Hyundai Elite i20 Petrol Magna Exective
885,Ford Ecosport 1.5 Diesel Titanium
886,Hyundai i20 1.2 Asta Dual Tone
887,Datsun RediGO SV 1.0
888,Datsun GO T BSIV
889,Tata New Safari 3L Dicor LX 4x2
890,Hyundai Grand i10 CRDi Asta
891,Honda BRV i-DTEC V MT
892,Toyota Fortuner 3.0 Diesel
893,Mahindra Verito 1.5 D2 BSIII
894,Hyundai i20 Asta Option 1.2
895,Tata Xenon XT EX 4X4
896,Volkswagen Vento Petrol Highline
897,Datsun GO T Option BSIV
898,Mercedes-Benz E-Class E250 Edition E
899,Honda City 1.5 V Elegance
900,Tata Manza Club Class Quadrajet90 EX
901,Honda Civic 1.8 V MT
902,Hyundai Grand i10 1.2 Kappa Sportz AT
903,Renault Duster 110PS Diesel RxZ Plus
904,Ford Figo Aspire 1.5 Ti-VCT Titanium
905,Maruti Ciaz S 1.3
906,Volkswagen Vento 1.5 Highline Plus AT 16 Alloy
907,Audi A4 1.8 TFSI
908,Toyota Innova 2.5 EV Diesel PS 7 Seater BSIII
909,Maruti Ertiga VXI Petrol
910,Hyundai Xcent 1.1 CRDi S
911,Hyundai i20 1.2 Magna Executive
912,Maruti Swift Star VDI
913,Ford EcoSport 1.5 Diesel Trend BSIV
914,Maruti Celerio ZXI AMT BSIV
915,Hyundai EON Magna Plus Option
916,Tata Tiago 1.2 Revotron XT
917,Ford Endeavour 2.5L 4X2
918,Maruti Ignis 1.2 AMT Alpha BSIV
919,Tata Nexon 1.5 Revotorq XM
920,Ford Fiesta 1.4 ZXi Duratec
921,Maruti Esteem AX
922,Skoda Rapid 1.5 TDI Ambition
923,Tata Indica Vista Aqua 1.3 Quadrajet BSIV
924,Hyundai Creta 1.6 SX
925,Hyundai i10 Sportz AT
926,Mahindra Bolero SLX 4WD BSIII
927,Maruti 800 AC Uniq
928,Hyundai Verna 1.4 CRDi
929,Nissan Micra Active XV
930,Ford EcoSport 1.5 Diesel Trend Plus BSIV
931,Hyundai Verna Transform VTVT
932,Maruti Baleno Zeta Automatic
933,Tata Indica Vista Terra Quadrajet 1.3L BS IV
934,Toyota Etios VXD
935,Mahindra Xylo H4
936,Chevrolet Aveo U-VA 1.2
937,Honda Jazz 1.5 S i DTEC
938,Toyota Innova 2.5 GX 8 STR BSIV
939,Tata New Safari DICOR 2.2 VX 4x2
940,Ford Fiesta Classic 1.6 Duratec CLXI
941,Tata Sumo Gold EX BSIII
942,Hyundai Accent Executive CNG
943,Hyundai Xcent 1.2 CRDi S
944,Hyundai Santa Fe 4X4
945,Hyundai i20 1.2 Asta Option
946,Maruti Baleno RS 1.0 Petrol
947,Skoda Superb LK 1.8 TSI AT
948,Volkswagen Vento 1.5 TDI Highline AT
949,Maruti Baleno Delta Diesel
950,Datsun RediGO AMT 1.0 S
951,Nissan Sunny XL D
952,Maruti Swift Dzire AMT VXI
953,Hyundai Creta 1.6 SX Automatic
954,Honda City VX CVT
955,Tata Bolt Revotron XM
956,Mahindra XUV500 AT W6 2WD
957,Hyundai EON Era Plus Sports Edition
958,Skoda Rapid 1.6 MPI AT Ambition BSIV
959,Ambassador CLASSIC 1500 DSL AC
960,Toyota Innova 2.5 EV Diesel MS 7 Str BSIII
961,Mahindra Renault Logan 1.5 DLX Diesel
962,Tata Aria Pleasure 4x2
963,Honda City i-DTEC ZX
964,Honda City i VTEC VX
965,Honda Jazz 1.5 V i DTEC
966,Ford EcoSport 1.5 Ti VCT MT Titanium BSIV
967,Tata Indigo CS eLS BS IV
968,Ford Fiesta 1.4 SXi TDCi ABS
969,Mahindra Xylo E6
970,Toyota Corolla H2
971,Maruti Zen LX - BS III
972,Maruti Alto 800 LXI Optional
973,Volkswagen Vento 1.5 TDI Highline Plus AT BSIV
974,Maruti Alto K10 VXI Optional
975,Honda Jazz 1.2 S i VTEC
976,Mahindra Thar CRDe AC
977,Toyota Etios Liva GD SP
978,Mahindra Verito Vibe 1.5 dCi D6
979,Hyundai Xcent 1.2 CRDi SX
980,Fiat Linea Emotion (Diesel)
981,Chevrolet Sail 1.3 LS
982,Skoda Octavia Ambiente 1.9 TDI MT
983,Ford Ecosport 1.5 DV5 MT Trend
984,Chevrolet Tavera Neo 3 9 Str BSIII
985,Honda Accord 2.4 AT
986,Ford Figo 1.5 Sports Edition MT
987,Ford EcoSport 1.5 TDCi Titanium Plus BE BSIV
988,Toyota Qualis FS B3
989,Mahindra Scorpio VLX 2WD BSIII
990,Honda City i DTec V
991,Honda City i-DTEC VX
992,Nissan Terrano XE 85 PS
993,Fiat Punto EVO 1.3 Emotion
994,Mahindra XUV500 W10 AWD
995,Mahindra KUV 100 G80 K4 Plus
996,Tata Indigo CS LS (TDI) BS-III
997,Honda Amaze S Petrol BSIV
998,Ford Endeavour 2.2 Titanium AT 4X2
999,Maruti Swift LDI
1000,Mahindra Verito 1.5 D6 BSIII
1001,Toyota Innova 2.5 VX (Diesel) 8 Seater BS IV
1002,Hyundai i20 Magna 1.4 CRDi
